{"29fd6fb8-0f2f-4aa2-aa1a-c367f327acb6": {"68b93e56-74fa-431b-9f40-a214a8bfc0b8": 3643.892187807709, "7f7dfe85-7276-4a9d-ad84-2fa6dfa67635": 3658.3772532492876, "83e5572b-b883-4c88-a500-777144d48134": 3499.865965027362, "8edd07ab-777f-4784-ab0b-c268772d3113": 3691.142326425761, "93ab5242-dab6-4609-b82c-04746416b6f1": 3696.566896378994, "9ee3897c-2329-4fc6-9ef3-d8eb97cd4919": 4109.374603878707, "b61cb37c-ea80-4011-ac7a-6c853fd73eb6": 4442.046492073685, "edd987c6-0a3f-4214-a630-a1883b4f0f1a": 3614.8562694601715, "f5e994e9-38a1-4079-adb5-bdacf43e0a17": 3820.970866482705}, "68b93e56-74fa-431b-9f40-a214a8bfc0b8": {"29fd6fb8-0f2f-4aa2-aa1a-c367f327acb6": 3118.2480777166784, "7f7dfe85-7276-4a9d-ad84-2fa6dfa67635": 3874.221702296287, "83e5572b-b883-4c88-a500-777144d48134": 3445.0181969180703, "8edd07ab-777f-4784-ab0b-c268772d3113": 2916.4734131470323, "93ab5242-dab6-4609-b82c-04746416b6f1": 3274.3456840515137, "9ee3897c-2329-4fc6-9ef3-d8eb97cd4919": 4397.60953033343, "b61cb37c-ea80-4011-ac7a-6c853fd73eb6": 3545.4649448394775, "edd987c6-0a3f-4214-a630-a1883b4f0f1a": 3494.764327492565, "f5e994e9-38a1-4079-adb5-bdacf43e0a17": 3585.1567203328013}, "7f7dfe85-7276-4a9d-ad84-2fa6dfa67635": {"29fd6fb8-0f2f-4aa2-aa1a-c367f327acb6": 1887.04618704319, "68b93e56-74fa-431b-9f40-a214a8bfc0b8": 2239.9957523979247, "83e5572b-b883-4c88-a500-777144d48134": 2013.4810869507492, "8edd07ab-777f-4784-ab0b-c268772d3113": 2324.67606972903, "93ab5242-dab6-4609-b82c-04746416b6f1": 2252.2129922546446, "9ee3897c-2329-4fc6-9ef3-d8eb97cd4919": 2159.4386933781207, "b61cb37c-ea80-4011-ac7a-6c853fd73eb6": 2704.8157557062805, "edd987c6-0a3f-4214-a630-a1883b4f0f1a": 2120.9415774941444, "f5e994e9-38a1-4079-adb5-bdacf43e0a17": 2265.655866127461}, "83e5572b-b883-4c88-a500-777144d48134": {"29fd6fb8-0f2f-4aa2-aa1a-c367f327acb6": 2609.655935123563, "68b93e56-74fa-431b-9f40-a214a8bfc0b8": 2825.846755761653, "7f7dfe85-7276-4a9d-ad84-2fa6dfa67635": 2825.2842040508986, "8edd07ab-777f-4784-ab0b-c268772d3113": 2852.636620650068, "93ab5242-dab6-4609-b82c-04746416b6f1": 2966.4617082849145, "9ee3897c-2329-4fc6-9ef3-d8eb97cd4919": 2970.980354011059, "b61cb37c-ea80-4011-ac7a-6c853fd73eb6": 3177.3800295330584, "edd987c6-0a3f-4214-a630-a1883b4f0f1a": 2985.979025159031, "f5e994e9-38a1-4079-adb5-bdacf43e0a17": 3218.567486677319}, "8edd07ab-777f-4784-ab0b-c268772d3113": {"29fd6fb8-0f2f-4aa2-aa1a-c367f327acb6": 3248.330463629216, "68b93e56-74fa-431b-9f40-a214a8bfc0b8": 3100.8175561875105, "7f7dfe85-7276-4a9d-ad84-2fa6dfa67635": 4154.695583947003, "83e5572b-b883-4c88-a500-777144d48134": 3568.0929194856435, "93ab5242-dab6-4609-b82c-04746416b6f1": 3482.5161335989833, "9ee3897c-2329-4fc6-9ef3-d8eb97cd4919": 4530.0185103826225, "b61cb37c-ea80-4011-ac7a-6c853fd73eb6": 3815.141230393201, "edd987c6-0a3f-4214-a630-a1883b4f0f1a": 3641.9414831269532, "f5e994e9-38a1-4079-adb5-bdacf43e0a17": 3842.6819532699883}, "93ab5242-dab6-4609-b82c-04746416b6f1": {"29fd6fb8-0f2f-4aa2-aa1a-c367f327acb6": 1574.4039014913142, "68b93e56-74fa-431b-9f40-a214a8bfc0b8": 1704.6179153174162, "7f7dfe85-7276-4a9d-ad84-2fa6dfa67635": 1905.7799747101963, "83e5572b-b883-4c88-a500-777144d48134": 1712.983153104782, "8edd07ab-777f-4784-ab0b-c268772d3113": 1728.0113377943635, "9ee3897c-2329-4fc6-9ef3-d8eb97cd4919": 2081.798417683691, "b61cb37c-ea80-4011-ac7a-6c853fd73eb6": 2065.549048997462, "edd987c6-0a3f-4214-a630-a1883b4f0f1a": 1811.164248585701, "f5e994e9-38a1-4079-adb5-bdacf43e0a17": 1893.4864658527076}, "9ee3897c-2329-4fc6-9ef3-d8eb97cd4919": {"29fd6fb8-0f2f-4aa2-aa1a-c367f327acb6": 1281.01644673571, "68b93e56-74fa-431b-9f40-a214a8bfc0b8": 1434.2377423085272, "7f7dfe85-7276-4a9d-ad84-2fa6dfa67635": 1316.623584881425, "83e5572b-b883-4c88-a500-777144d48134": 1287.3890067189932, "8edd07ab-777f-4784-ab0b-c268772d3113": 1462.78979627043, "93ab5242-dab6-4609-b82c-04746416b6f1": 1489.6787399761379, "b61cb37c-ea80-4011-ac7a-6c853fd73eb6": 1600.638910215348, "edd987c6-0a3f-4214-a630-a1883b4f0f1a": 1491.7804981917143, "f5e994e9-38a1-4079-adb5-bdacf43e0a17": 1618.2096483148634}, "b61cb37c-ea80-4011-ac7a-6c853fd73eb6": {"29fd6fb8-0f2f-4aa2-aa1a-c367f327acb6": 1852.555538509041, "68b93e56-74fa-431b-9f40-a214a8bfc0b8": 1787.9394297078252, "7f7dfe85-7276-4a9d-ad84-2fa6dfa67635": 2195.536882389337, "83e5572b-b883-4c88-a500-777144d48134": 1786.0122416131198, "8edd07ab-777f-4784-ab0b-c268772d3113": 1804.4834333844483, "93ab5242-dab6-4609-b82c-04746416b6f1": 2013.781364031136, "9ee3897c-2329-4fc6-9ef3-d8eb97cd4919": 2137.930968154222, "edd987c6-0a3f-4214-a630-a1883b4f0f1a": 2195.6881512999535, "f5e994e9-38a1-4079-adb5-bdacf43e0a17": 2359.0569019168615}, "edd987c6-0a3f-4214-a630-a1883b4f0f1a": {"29fd6fb8-0f2f-4aa2-aa1a-c367f327acb6": 1646.5125132389367, "68b93e56-74fa-431b-9f40-a214a8bfc0b8": 1916.1037416346371, "7f7dfe85-7276-4a9d-ad84-2fa6dfa67635": 1908.1323730014265, "83e5572b-b883-4c88-a500-777144d48134": 1852.9705314822495, "8edd07ab-777f-4784-ab0b-c268772d3113": 1924.7774411868304, "93ab5242-dab6-4609-b82c-04746416b6f1": 1966.7188680544496, "9ee3897c-2329-4fc6-9ef3-d8eb97cd4919": 2228.2409455403686, "b61cb37c-ea80-4011-ac7a-6c853fd73eb6": 2393.825783226639, "f5e994e9-38a1-4079-adb5-bdacf43e0a17": 1864.3079296089709}, "f5e994e9-38a1-4079-adb5-bdacf43e0a17": {"29fd6fb8-0f2f-4aa2-aa1a-c367f327acb6": 1336.3027312867343, "68b93e56-74fa-431b-9f40-a214a8bfc0b8": 1511.9307154640555, "7f7dfe85-7276-4a9d-ad84-2fa6dfa67635": 1618.976943332702, "83e5572b-b883-4c88-a500-777144d48134": 1560.4808276183903, "8edd07ab-777f-4784-ab0b-c268772d3113": 1560.4696230702102, "93ab5242-dab6-4609-b82c-04746416b6f1": 1568.9907891787589, "9ee3897c-2329-4fc6-9ef3-d8eb97cd4919": 1928.0894311852753, "b61cb37c-ea80-4011-ac7a-6c853fd73eb6": 1918.2609947174788, "edd987c6-0a3f-4214-a630-a1883b4f0f1a": 1415.0895175039768}}