{"29fd6fb8-0f2f-4aa2-aa1a-c367f327acb6": {"68b93e56-74fa-431b-9f40-a214a8bfc0b8": 1601.9810562785715, "7f7dfe85-7276-4a9d-ad84-2fa6dfa67635": 1604.5851101297885, "83e5572b-b883-4c88-a500-777144d48134": 1542.2011734116822, "8edd07ab-777f-4784-ab0b-c268772d3113": 1624.5345274955034, "93ab5242-dab6-4609-b82c-04746416b6f1": 1624.2929458208382, "9ee3897c-2329-4fc6-9ef3-d8eb97cd4919": 1800.2152129337192, "b61cb37c-ea80-4011-ac7a-6c853fd73eb6": 1954.823290700093, "edd987c6-0a3f-4214-a630-a1883b4f0f1a": 1595.6501929219812, "f5e994e9-38a1-4079-adb5-bdacf43e0a17": 1686.2054333332926}, "68b93e56-74fa-431b-9f40-a214a8bfc0b8": {"29fd6fb8-0f2f-4aa2-aa1a-c367f327acb6": 1355.5003873798996, "7f7dfe85-7276-4a9d-ad84-2fa6dfa67635": 1693.9958548471332, "83e5572b-b883-4c88-a500-777144d48134": 1496.0744579602033, "8edd07ab-777f-4784-ab0b-c268772d3113": 1270.6257701534778, "93ab5242-dab6-4609-b82c-04746416b6f1": 1419.9933711402118, "9ee3897c-2329-4fc6-9ef3-d8eb97cd4919": 1913.248169157654, "b61cb37c-ea80-4011-ac7a-6c853fd73eb6": 1530.8743888176978, "edd987c6-0a3f-4214-a630-a1883b4f0f1a": 1516.9581115581095, "f5e994e9-38a1-4079-adb5-bdacf43e0a17": 1560.7624246627092}, "7f7dfe85-7276-4a9d-ad84-2fa6dfa67635": {"29fd6fb8-0f2f-4aa2-aa1a-c367f327acb6": 841.5959607008845, "68b93e56-74fa-431b-9f40-a214a8bfc0b8": 994.416988203302, "83e5572b-b883-4c88-a500-777144d48134": 898.8673172295094, "8edd07ab-777f-4784-ab0b-c268772d3113": 1039.3188949646428, "93ab5242-dab6-4609-b82c-04746416b6f1": 1002.0531793553382, "9ee3897c-2329-4fc6-9ef3-d8eb97cd4919": 965.8882238101214, "b61cb37c-ea80-4011-ac7a-6c853fd73eb6": 1199.2540530059487, "edd987c6-0a3f-4214-a630-a1883b4f0f1a": 947.5494106393307, "f5e994e9-38a1-4079-adb5-bdacf43e0a17": 1005.91188932769}, "83e5572b-b883-4c88-a500-777144d48134": {"29fd6fb8-0f2f-4aa2-aa1a-c367f327acb6": 1149.4986155182123, "68b93e56-74fa-431b-9f40-a214a8bfc0b8": 1235.4698177017272, "7f7dfe85-7276-4a9d-ad84-2fa6dfa67635": 1242.7849483843893, "8edd07ab-777f-4784-ab0b-c268772d3113": 1245.4290122287348, "93ab5242-dab6-4609-b82c-04746416b6f1": 1306.8262397442013, "9ee3897c-2329-4fc6-9ef3-d8eb97cd4919": 1303.736716184765, "b61cb37c-ea80-4011-ac7a-6c853fd73eb6": 1386.999851854518, "edd987c6-0a3f-4214-a630-a1883b4f0f1a": 1309.5746436230838, "f5e994e9-38a1-4079-adb5-bdacf43e0a17": 1406.491567036137}, "8edd07ab-777f-4784-ab0b-c268772d3113": {"29fd6fb8-0f2f-4aa2-aa1a-c367f327acb6": 1412.3402551673353, "68b93e56-74fa-431b-9f40-a214a8bfc0b8": 1350.6949507463723, "7f7dfe85-7276-4a9d-ad84-2fa6dfa67635": 1822.4411764638498, "83e5572b-b883-4c88-a500-777144d48134": 1540.8413601471111, "93ab5242-dab6-4609-b82c-04746416b6f1": 1522.2229403611273, "9ee3897c-2329-4fc6-9ef3-d8eb97cd4919": 1971.9064910952002, "b61cb37c-ea80-4011-ac7a-6c853fd73eb6": 1641.0518760364503, "edd987c6-0a3f-4214-a630-a1883b4f0f1a": 1578.2105190111324, "f5e994e9-38a1-4079-adb5-bdacf43e0a17": 1680.480070706457}, "93ab5242-dab6-4609-b82c-04746416b6f1": {"29fd6fb8-0f2f-4aa2-aa1a-c367f327acb6": 690.1554459445179, "68b93e56-74fa-431b-9f40-a214a8bfc0b8": 744.6414515301585, "7f7dfe85-7276-4a9d-ad84-2fa6dfa67635": 828.7203541491181, "83e5572b-b883-4c88-a500-777144d48134": 751.8511747512966, "8edd07ab-777f-4784-ab0b-c268772d3113": 762.0213184598833, "9ee3897c-2329-4fc6-9ef3-d8eb97cd4919": 906.0911427009851, "b61cb37c-ea80-4011-ac7a-6c853fd73eb6": 899.9850331675261, "edd987c6-0a3f-4214-a630-a1883b4f0f1a": 797.1020725183189, "f5e994e9-38a1-4079-adb5-bdacf43e0a17": 831.26646271348}, "9ee3897c-2329-4fc6-9ef3-d8eb97cd4919": {"29fd6fb8-0f2f-4aa2-aa1a-c367f327acb6": 569.5360672473907, "68b93e56-74fa-431b-9f40-a214a8bfc0b8": 634.1912811771035, "7f7dfe85-7276-4a9d-ad84-2fa6dfa67635": 588.9220488648862, "83e5572b-b883-4c88-a500-777144d48134": 572.9264311157167, "8edd07ab-777f-4784-ab0b-c268772d3113": 649.2815873641521, "93ab5242-dab6-4609-b82c-04746416b6f1": 659.1028468664736, "b61cb37c-ea80-4011-ac7a-6c853fd73eb6": 710.8547228202224, "edd987c6-0a3f-4214-a630-a1883b4f0f1a": 663.7105698157102, "f5e994e9-38a1-4079-adb5-bdacf43e0a17": 715.5668778717518}, "b61cb37c-ea80-4011-ac7a-6c853fd73eb6": {"29fd6fb8-0f2f-4aa2-aa1a-c367f327acb6": 797.7895765285939, "68b93e56-74fa-431b-9f40-a214a8bfc0b8": 763.9367228187621, "7f7dfe85-7276-4a9d-ad84-2fa6dfa67635": 946.194915285334, "83e5572b-b883-4c88-a500-777144d48134": 763.5684175733477, "8edd07ab-777f-4784-ab0b-c268772d3113": 770.3743474017829, "93ab5242-dab6-4609-b82c-04746416b6f1": 866.5179415810853, "9ee3897c-2329-4fc6-9ef3-d8eb97cd4919": 918.4466531053185, "edd987c6-0a3f-4214-a630-a1883b4f0f1a": 944.5081852804869, "f5e994e9-38a1-4079-adb5-bdacf43e0a17": 1019.6334429513663}, "edd987c6-0a3f-4214-a630-a1883b4f0f1a": {"29fd6fb8-0f2f-4aa2-aa1a-c367f327acb6": 728.8619116097689, "68b93e56-74fa-431b-9f40-a214a8bfc0b8": 840.758476851508, "7f7dfe85-7276-4a9d-ad84-2fa6dfa67635": 838.0359132401645, "83e5572b-b883-4c88-a500-777144d48134": 809.1139449290931, "8edd07ab-777f-4784-ab0b-c268772d3113": 842.5954027296975, "93ab5242-dab6-4609-b82c-04746416b6f1": 866.2851477265358, "9ee3897c-2329-4fc6-9ef3-d8eb97cd4919": 974.5562785062939, "b61cb37c-ea80-4011-ac7a-6c853fd73eb6": 1047.1021094676107, "f5e994e9-38a1-4079-adb5-bdacf43e0a17": 824.7631954122335}, "f5e994e9-38a1-4079-adb5-bdacf43e0a17": {"29fd6fb8-0f2f-4aa2-aa1a-c367f327acb6": 586.7141201458871, "68b93e56-74fa-431b-9f40-a214a8bfc0b8": 659.6004572734237, "7f7dfe85-7276-4a9d-ad84-2fa6dfa67635": 702.6368565298617, "83e5572b-b883-4c88-a500-777144d48134": 675.437140841037, "8edd07ab-777f-4784-ab0b-c268772d3113": 685.812119692564, "93ab5242-dab6-4609-b82c-04746416b6f1": 684.6176246441901, "9ee3897c-2329-4fc6-9ef3-d8eb97cd4919": 839.4952185712755, "b61cb37c-ea80-4011-ac7a-6c853fd73eb6": 837.9803072232753, "edd987c6-0a3f-4214-a630-a1883b4f0f1a": 622.7488792389631}}