{"29fd6fb8-0f2f-4aa2-aa1a-c367f327acb6": {"68b93e56-74fa-431b-9f40-a214a8bfc0b8": 106933.22374582567, "7f7dfe85-7276-4a9d-ad84-2fa6dfa67635": 97275.38412334671, "83e5572b-b883-4c88-a500-777144d48134": 100063.64078146193, "8edd07ab-777f-4784-ab0b-c268772d3113": 107599.52443889156, "93ab5242-dab6-4609-b82c-04746416b6f1": 105031.75599091315, "9ee3897c-2329-4fc6-9ef3-d8eb97cd4919": 99942.6400361839, "b61cb37c-ea80-4011-ac7a-6c853fd73eb6": 109119.7938323565, "edd987c6-0a3f-4214-a630-a1883b4f0f1a": 98168.39339815306, "f5e994e9-38a1-4079-adb5-bdacf43e0a17": 99494.00168015303}, "68b93e56-74fa-431b-9f40-a214a8bfc0b8": {"29fd6fb8-0f2f-4aa2-aa1a-c367f327acb6": 85795.2506356322, "7f7dfe85-7276-4a9d-ad84-2fa6dfa67635": 87475.65484977738, "83e5572b-b883-4c88-a500-777144d48134": 87364.54192756952, "8edd07ab-777f-4784-ab0b-c268772d3113": 89521.99481093496, "93ab5242-dab6-4609-b82c-04746416b6f1": 90707.1482925922, "9ee3897c-2329-4fc6-9ef3-d8eb97cd4919": 89952.49824778842, "b61cb37c-ea80-4011-ac7a-6c853fd73eb6": 91801.60078785087, "edd987c6-0a3f-4214-a630-a1883b4f0f1a": 87052.22341647556, "f5e994e9-38a1-4079-adb5-bdacf43e0a17": 88957.35623997448}, "7f7dfe85-7276-4a9d-ad84-2fa6dfa67635": {"29fd6fb8-0f2f-4aa2-aa1a-c367f327acb6": 58048.88902402138, "68b93e56-74fa-431b-9f40-a214a8bfc0b8": 64472.70536732236, "83e5572b-b883-4c88-a500-777144d48134": 59481.943949776614, "8edd07ab-777f-4784-ab0b-c268772d3113": 65383.19803079289, "93ab5242-dab6-4609-b82c-04746416b6f1": 62768.2836479255, "9ee3897c-2329-4fc6-9ef3-d8eb97cd4919": 58268.01895885015, "b61cb37c-ea80-4011-ac7a-6c853fd73eb6": 65683.38008465193, "edd987c6-0a3f-4214-a630-a1883b4f0f1a": 57651.31536045745, "f5e994e9-38a1-4079-adb5-bdacf43e0a17": 58381.05075909667}, "83e5572b-b883-4c88-a500-777144d48134": {"29fd6fb8-0f2f-4aa2-aa1a-c367f327acb6": 76341.83438832409, "68b93e56-74fa-431b-9f40-a214a8bfc0b8": 82985.44949199495, "7f7dfe85-7276-4a9d-ad84-2fa6dfa67635": 75909.14973764757, "8edd07ab-777f-4784-ab0b-c268772d3113": 83098.61523121531, "93ab5242-dab6-4609-b82c-04746416b6f1": 81340.29234320195, "9ee3897c-2329-4fc6-9ef3-d8eb97cd4919": 78093.72855832118, "b61cb37c-ea80-4011-ac7a-6c853fd73eb6": 84560.880648799, "edd987c6-0a3f-4214-a630-a1883b4f0f1a": 76264.3400038722, "f5e994e9-38a1-4079-adb5-bdacf43e0a17": 77575.29435763771}, "8edd07ab-777f-4784-ab0b-c268772d3113": {"29fd6fb8-0f2f-4aa2-aa1a-c367f327acb6": 90779.13565273107, "68b93e56-74fa-431b-9f40-a214a8bfc0b8": 94295.56636223212, "7f7dfe85-7276-4a9d-ad84-2fa6dfa67635": 92544.18681967392, "83e5572b-b883-4c88-a500-777144d48134": 92169.11015341715, "93ab5242-dab6-4609-b82c-04746416b6f1": 95536.4839243669, "9ee3897c-2329-4fc6-9ef3-d8eb97cd4919": 95494.70446508071, "b61cb37c-ea80-4011-ac7a-6c853fd73eb6": 96596.91652299525, "edd987c6-0a3f-4214-a630-a1883b4f0f1a": 91915.9366648424, "f5e994e9-38a1-4079-adb5-bdacf43e0a17": 94231.87543705525}, "93ab5242-dab6-4609-b82c-04746416b6f1": {"29fd6fb8-0f2f-4aa2-aa1a-c367f327acb6": 46396.212564113725, "68b93e56-74fa-431b-9f40-a214a8bfc0b8": 50186.07382475944, "7f7dfe85-7276-4a9d-ad84-2fa6dfa67635": 46374.79002695874, "83e5572b-b883-4c88-a500-777144d48134": 47167.82685862586, "8edd07ab-777f-4784-ab0b-c268772d3113": 50117.83436342721, "9ee3897c-2329-4fc6-9ef3-d8eb97cd4919": 47521.54871529606, "b61cb37c-ea80-4011-ac7a-6c853fd73eb6": 50929.05453624132, "edd987c6-0a3f-4214-a630-a1883b4f0f1a": 46638.58439948555, "f5e994e9-38a1-4079-adb5-bdacf43e0a17": 47336.7523840356}, "9ee3897c-2329-4fc6-9ef3-d8eb97cd4919": {"29fd6fb8-0f2f-4aa2-aa1a-c367f327acb6": 35797.01461582857, "68b93e56-74fa-431b-9f40-a214a8bfc0b8": 39577.86041998475, "7f7dfe85-7276-4a9d-ad84-2fa6dfa67635": 34780.24392164032, "83e5572b-b883-4c88-a500-777144d48134": 36636.01976037686, "8edd07ab-777f-4784-ab0b-c268772d3113": 40424.82156891607, "93ab5242-dab6-4609-b82c-04746416b6f1": 38639.408230060566, "b61cb37c-ea80-4011-ac7a-6c853fd73eb6": 40390.53907811589, "edd987c6-0a3f-4214-a630-a1883b4f0f1a": 35535.649887263324, "f5e994e9-38a1-4079-adb5-bdacf43e0a17": 35880.86946272308}, "b61cb37c-ea80-4011-ac7a-6c853fd73eb6": {"29fd6fb8-0f2f-4aa2-aa1a-c367f327acb6": 46744.39017844931, "68b93e56-74fa-431b-9f40-a214a8bfc0b8": 49257.686303842864, "7f7dfe85-7276-4a9d-ad84-2fa6dfa67635": 47385.76873500871, "83e5572b-b883-4c88-a500-777144d48134": 47576.5605050971, "8edd07ab-777f-4784-ab0b-c268772d3113": 49201.30555971491, "93ab5242-dab6-4609-b82c-04746416b6f1": 49437.59552002421, "9ee3897c-2329-4fc6-9ef3-d8eb97cd4919": 48691.613902065925, "edd987c6-0a3f-4214-a630-a1883b4f0f1a": 47289.42839852105, "f5e994e9-38a1-4079-adb5-bdacf43e0a17": 48352.02961181798}, "edd987c6-0a3f-4214-a630-a1883b4f0f1a": {"29fd6fb8-0f2f-4aa2-aa1a-c367f327acb6": 50122.945796912885, "68b93e56-74fa-431b-9f40-a214a8bfc0b8": 55358.903768425145, "7f7dfe85-7276-4a9d-ad84-2fa6dfa67635": 49515.663800827686, "83e5572b-b883-4c88-a500-777144d48134": 51164.982064251766, "8edd07ab-777f-4784-ab0b-c268772d3113": 55653.93531143572, "93ab5242-dab6-4609-b82c-04746416b6f1": 54117.307465477024, "9ee3897c-2329-4fc6-9ef3-d8eb97cd4919": 51057.769010387194, "b61cb37c-ea80-4011-ac7a-6c853fd73eb6": 56564.90726127894, "f5e994e9-38a1-4079-adb5-bdacf43e0a17": 50663.769462592754}, "f5e994e9-38a1-4079-adb5-bdacf43e0a17": {"29fd6fb8-0f2f-4aa2-aa1a-c367f327acb6": 38454.24224817589, "68b93e56-74fa-431b-9f40-a214a8bfc0b8": 42676.80417759538, "7f7dfe85-7276-4a9d-ad84-2fa6dfa67635": 37724.6485733623, "83e5572b-b883-4c88-a500-777144d48134": 39329.12324027794, "8edd07ab-777f-4784-ab0b-c268772d3113": 43258.99207537702, "93ab5242-dab6-4609-b82c-04746416b6f1": 41630.620722193606, "9ee3897c-2329-4fc6-9ef3-d8eb97cd4919": 38889.16010265534, "b61cb37c-ea80-4011-ac7a-6c853fd73eb6": 43692.83730658157, "edd987c6-0a3f-4214-a630-a1883b4f0f1a": 38375.49725225546}}